frame_id,det_index,confidence,x,y,width,height_px
151,1,0.9556,1095.0,1.5,825.0,1062.8
152,1,0.9565,945.0,10.5,975.0,1055.2
153,1,0.9468,955.5,122.2,921.0,945.0
154,1,0.9404,1000.5,264.0,759.0,802.5
155,1,0.9312,806.2,332.2,764.2,736.5
156,1,0.9375,700.5,309.0,706.5,759.0
157,1,0.939,585.4,269.6,754.1,798.4
158,1,0.9419,464.2,253.9,791.2,812.6
159,1,0.9404,423.8,264.8,807.0,801.8
160,1,0.9355,569.2,266.2,825.8,800.2
161,1,0.937,638.2,278.2,828.8,788.2
162,1,0.9395,636.8,273.4,843.0,793.9
163,1,0.9434,601.5,279.0,891.0,788.2
164,1,0.9438,578.6,267.0,966.4,801.0
165,1,0.936,594.4,280.9,992.6,786.4
166,1,0.9336,575.2,280.5,1023.8,786.0
167,1,0.9302,598.9,295.1,1010.6,771.4
168,1,0.9287,612.8,293.2,1008.8,773.2
169,1,0.9302,620.2,292.1,1008.8,773.6
170,1,0.9365,576.4,289.9,1049.6,776.6
171,1,0.9355,570.4,295.1,1013.6,771.4
172,1,0.9385,577.1,297.0,991.9,769.5
173,1,0.9365,560.2,295.9,1011.8,770.6
174,1,0.9409,534.8,292.1,1032.8,775.1
175,1,0.9395,530.6,294.4,1033.9,772.1
176,1,0.937,546.4,293.2,1024.1,777.0
177,1,0.9331,603.0,298.1,993.0,770.6
178,1,0.9302,610.5,301.5,972.0,768.0
179,1,0.9316,630.4,314.2,929.6,754.5
180,1,0.9219,651.0,311.2,972.0,758.2
181,1,0.936,675.0,302.2,1032.0,767.2
182,1,0.9321,574.9,294.0,1060.1,775.5
183,1,0.9341,569.6,291.4,1050.4,778.1
184,1,0.9326,576.0,288.0,1047.0,781.5
185,1,0.9302,579.8,287.2,1052.2,782.2
186,1,0.9302,586.1,287.2,1047.4,782.2
187,1,0.9326,595.5,288.4,1047.0,781.1
188,1,0.9336,601.5,294.0,1042.5,775.5
189,1,0.9331,601.5,295.9,1045.5,772.9
190,1,0.9336,600.8,295.5,1047.8,773.2
191,1,0.937,603.8,294.0,1047.8,774.8
192,1,0.9375,610.5,294.0,1048.5,775.5
193,1,0.938,618.8,294.4,1044.8,775.1
194,1,0.937,620.6,294.8,1041.4,774.8
195,1,0.9365,610.5,297.0,1042.5,771.0
196,1,0.9302,593.6,291.0,1048.9,777.8
197,1,0.937,579.4,216.4,1064.6,851.6
198,1,0.9385,563.2,240.8,1065.8,827.2
199,1,0.9365,572.2,290.6,1029.8,778.9
200,1,0.939,570.8,292.5,1022.2,777.0
201,1,0.9365,573.8,291.0,1022.2,778.5
202,1,0.9375,624.0,300.8,1023.0,768.8
203,1,0.939,642.0,293.2,1030.5,776.2
204,1,0.937,570.8,297.8,1031.2,771.8
205,1,0.9346,578.6,294.8,1048.9,773.2
206,1,0.9321,597.0,293.6,1056.0,774.4
207,1,0.9312,587.2,305.2,1043.2,763.5
208,1,0.9302,599.2,300.0,1038.8,768.8
209,1,0.9282,605.2,297.0,1041.8,771.8
210,1,0.9355,554.2,299.2,1077.8,770.2
211,1,0.9448,600.8,305.2,884.2,759.8
212,1,0.9448,531.0,297.0,949.5,769.5
213,1,0.9429,586.1,286.9,889.1,778.9
214,1,0.9321,597.0,269.2,862.5,796.5
215,1,0.9375,590.2,237.4,892.5,827.6
216,1,0.938,608.2,291.4,884.2,774.4
217,1,0.937,614.2,312.4,883.5,753.4
218,1,0.9404,605.2,304.1,898.5,761.6
219,1,0.9365,614.2,306.8,912.0,758.2
220,1,0.9385,607.5,306.8,923.2,759.0
221,1,0.939,598.5,304.5,916.5,760.5
222,1,0.9424,576.4,306.0,925.1,760.5
223,1,0.9438,573.8,303.0,942.8,762.0
224,1,0.9443,596.6,306.4,927.4,758.6
225,1,0.9458,597.4,301.5,923.6,763.5
226,1,0.9438,603.8,297.4,924.8,768.4
227,1,0.9453,591.8,302.2,931.5,763.5
228,1,0.9438,591.8,304.5,968.2,761.2
229,1,0.9429,596.2,305.2,978.8,760.5
230,1,0.9419,606.0,300.0,951.0,765.8
231,1,0.9429,593.2,297.8,956.2,768.0
232,1,0.9443,580.5,299.2,960.0,767.2
233,1,0.9424,570.8,302.2,972.8,763.5
234,1,0.9399,594.8,301.9,953.2,764.6
235,1,0.939,620.2,306.0,921.8,760.5
236,1,0.9399,629.6,306.0,901.9,760.5
237,1,0.9395,630.8,305.6,899.2,760.9
238,1,0.9399,631.9,309.0,901.1,757.5
239,1,0.939,632.2,313.5,921.8,753.0
240,1,0.9336,651.8,307.9,912.8,758.6
241,1,0.5767,652.9,305.2,923.6,761.2
241,2,0.5635,652.1,304.9,924.4,761.6
242,1,0.9365,607.5,304.1,969.0,762.4
243,1,0.9385,607.5,304.1,1081.5,763.1
244,1,0.9341,643.5,314.6,969.0,752.6
245,1,0.9341,600.0,303.4,1099.5,763.1
246,1,0.9414,614.2,300.8,1074.8,765.8
247,1,0.9385,669.8,299.2,1019.2,770.2
248,1,0.9341,714.0,306.8,895.5,761.2
249,1,0.9312,699.0,297.0,862.5,771.0
250,1,0.9287,711.0,294.0,814.5,771.0
251,1,0.9316,687.8,294.0,852.8,774.0
252,1,0.9287,718.5,294.8,801.0,772.5
253,1,0.8735,709.1,299.2,834.4,768.0
254,1,0.9321,735.0,300.8,804.0,767.2
255,1,0.937,725.2,291.0,837.8,777.0
256,1,0.9346,740.6,289.1,781.9,779.6
257,1,0.8682,745.1,294.0,765.4,775.5
258,1,0.9067,734.6,296.6,772.1,771.4
259,1,0.9307,733.5,294.0,859.5,774.0
260,1,0.9346,735.0,295.5,847.5,772.5
261,1,0.9331,732.0,293.2,852.0,774.8
262,1,0.9365,730.5,293.2,822.0,774.8
263,1,0.9326,718.9,292.5,820.1,775.5
264,1,0.9326,708.8,293.2,848.2,774.8
265,1,0.9268,709.5,293.2,808.5,774.8
266,1,0.9331,714.8,300.0,825.8,768.0
267,1,0.9292,716.2,299.2,804.0,768.8
268,1,0.9321,713.2,300.8,789.8,767.2
268,2,0.6523,0.0,5.2,303.2,1062.8
269,1,0.9302,720.0,295.1,788.2,772.1
270,1,0.9307,728.2,304.5,762.0,762.8
271,1,0.9365,690.4,305.2,756.4,762.8
272,1,0.936,696.8,302.2,792.8,765.0
273,1,0.9277,711.8,295.9,810.0,771.4
274,1,0.9326,706.5,299.2,754.5,768.8
275,1,0.9331,692.2,298.5,803.2,768.8
276,1,0.9346,697.9,297.0,786.4,770.2
277,1,0.9365,687.8,300.8,789.8,767.2
278,1,0.9316,696.4,300.4,805.9,766.1
279,1,0.9365,692.2,290.2,840.8,776.2
280,1,0.9473,600.0,294.0,883.5,771.8
281,1,0.9438,595.9,298.1,839.6,768.4
282,1,0.9443,611.2,298.5,836.2,768.0
283,1,0.9468,615.8,300.8,851.2,765.8
284,1,0.9443,611.2,307.5,902.2,759.0
285,1,0.9434,605.2,307.5,896.2,759.0
286,1,0.9395,652.5,288.0,975.0,780.8
287,1,0.9316,817.5,283.9,739.5,783.4
288,1,0.9351,816.0,280.1,823.5,787.9
289,1,0.9268,846.0,282.4,769.5,785.6
290,1,0.9341,756.8,294.0,809.2,774.0
291,1,0.9287,742.5,292.5,790.5,775.5
292,1,0.918,840.0,301.5,555.0,766.5
293,1,0.9233,836.2,299.6,552.8,768.4
294,1,0.9331,748.5,300.4,694.5,767.6
295,1,0.9321,718.1,303.8,831.4,764.2
296,1,0.936,756.0,306.0,792.0,762.0
297,1,0.9351,740.2,306.0,803.2,762.0
298,1,0.9341,747.8,306.4,798.8,761.6
299,1,0.9355,755.6,305.2,802.9,762.8
300,1,0.9355,759.0,304.5,810.0,763.5
301,1,0.936,756.0,304.5,801.0,764.2
302,1,0.9316,741.8,305.2,795.8,763.5
303,1,0.9336,741.0,307.1,802.5,761.6
304,1,0.9331,745.5,307.9,793.5,760.9
305,1,0.9336,745.1,307.5,792.4,761.2
306,1,0.9258,732.0,304.9,790.5,762.4
307,1,0.9272,731.2,304.5,792.8,762.8
308,1,0.9346,735.0,303.8,799.5,764.2
309,1,0.9351,740.6,306.4,808.9,761.6
310,1,0.9336,736.5,307.9,814.5,760.1
311,1,0.9248,719.2,304.5,811.5,762.8
312,1,0.9351,701.6,294.0,811.9,772.5
313,1,0.9375,705.0,375.0,810.0,692.2
314,1,0.9404,718.1,403.5,729.4,663.8
315,1,0.9424,702.8,390.0,738.0,678.0
316,1,0.9365,795.0,375.0,598.5,693.0
317,1,0.8286,781.5,367.5,492.0,703.5
317,2,0.2817,780.8,368.2,492.8,701.2
318,1,0.9155,670.1,342.8,484.1,726.0
319,1,0.9375,599.2,322.9,603.0,745.1
320,1,0.9468,642.8,351.0,693.8,717.8
321,1,0.9438,810.0,331.1,739.5,736.1
322,1,0.9346,892.5,315.0,747.0,752.2
323,1,0.9375,926.2,293.2,723.8,774.0
324,1,0.9365,918.0,296.2,744.0,770.2
325,1,0.9365,914.2,296.2,738.8,770.2
326,1,0.9346,916.5,298.9,727.5,767.6
327,1,0.9355,903.8,303.0,770.2,763.5
328,1,0.9321,912.8,301.9,722.2,764.6
329,1,0.9365,941.2,296.2,698.2,770.2
330,1,0.9375,937.5,299.6,700.5,766.9
331,1,0.936,934.5,301.5,706.5,765.0
332,1,0.9346,945.0,303.8,697.5,763.5
333,1,0.9365,913.5,303.4,751.5,763.1
334,1,0.9316,897.8,302.2,749.2,764.2
335,1,0.9346,945.0,312.0,694.5,754.5
336,1,0.937,945.8,316.1,707.2,750.4
337,1,0.9355,897.8,308.2,750.8,758.2
338,1,0.9326,976.5,315.8,658.5,750.8
339,1,0.8984,993.0,310.5,579.0,757.5
340,1,0.9287,929.2,302.6,711.8,765.4
341,1,0.9346,882.0,303.4,786.0,763.9
342,1,0.9385,898.5,307.5,745.5,759.0
343,1,0.9253,888.0,302.6,720.0,764.6
344,1,0.9238,855.0,299.6,736.5,768.4
345,1,0.9253,829.5,294.0,751.5,772.5
346,1,0.9346,725.6,281.6,730.1,784.9
347,1,0.9287,666.0,285.0,713.2,783.0
348,1,0.936,708.0,282.0,667.5,786.0
349,1,0.9243,892.5,289.9,666.0,777.4
350,1,0.9331,1042.5,295.9,598.5,772.1
351,1,0.9385,1024.5,294.8,649.5,773.2
352,1,0.9365,910.5,290.2,721.5,776.2
353,1,0.9365,730.5,288.0,749.2,779.2
354,1,0.9326,648.8,286.9,759.0,779.6
355,1,0.9424,641.2,279.0,810.0,788.2
356,1,0.9385,743.6,272.6,918.4,794.6
357,1,0.9438,960.0,288.0,702.0,778.5
358,1,0.9434,968.2,288.4,765.8,778.9
359,1,0.9419,1002.8,289.9,756.8,776.6
360,1,0.9438,966.0,283.9,843.0,782.6
361,1,0.9429,953.2,294.8,843.8,771.8
362,1,0.9424,929.2,300.4,822.8,766.9
363,1,0.9419,923.2,306.0,833.2,761.2
364,1,0.9443,939.0,306.4,817.5,760.9
365,1,0.9429,931.5,305.2,825.0,762.8
366,1,0.9375,912.0,305.2,829.5,762.8
367,1,0.9351,902.2,304.9,830.2,761.6
368,1,0.9282,901.5,308.6,829.5,759.4
369,1,0.9346,909.8,313.5,818.2,753.0
370,1,0.9141,913.5,317.2,813.0,750.0
371,1,0.937,914.2,318.0,815.2,750.0
372,1,0.936,922.5,318.8,807.0,749.2
373,1,0.7178,915.0,315.4,807.0,751.9
373,2,0.4282,913.5,315.0,807.0,753.0
374,1,0.9365,909.8,310.5,804.8,756.8
375,1,0.8589,923.2,300.8,782.2,767.2
375,2,0.2869,924.0,300.8,781.5,765.8
376,1,0.9341,904.5,302.6,814.5,763.9
377,1,0.937,903.0,306.4,813.0,760.1
378,1,0.939,903.0,311.6,802.5,755.6
379,1,0.9399,901.5,315.0,799.5,752.2
380,1,0.938,904.5,312.4,810.0,754.9
381,1,0.938,894.0,312.0,816.0,755.2
382,1,0.9375,906.0,312.8,813.0,753.8
383,1,0.937,912.0,306.0,805.5,760.5
384,1,0.937,916.5,309.0,807.0,757.5
385,1,0.9355,913.5,307.9,808.5,758.6
386,1,0.938,909.0,306.4,804.0,760.1
387,1,0.9409,892.5,307.5,823.5,759.0
388,1,0.9434,884.2,307.1,818.2,760.1
389,1,0.9414,892.5,310.9,796.5,757.1
390,1,0.9419,893.2,311.2,794.2,756.0
391,1,0.9399,891.0,308.2,811.5,758.2
392,1,0.938,924.8,303.0,792.8,763.5
393,1,0.9409,915.0,304.5,811.5,762.8
394,1,0.9424,915.8,302.6,810.8,764.6
395,1,0.9365,924.0,306.8,796.5,759.8
396,1,0.937,906.0,309.8,817.5,756.8
397,1,0.9346,918.0,307.5,808.5,759.8
398,1,0.936,930.0,302.2,798.0,765.0
399,1,0.9434,913.5,299.2,820.5,768.8
400,1,0.9395,969.0,298.5,727.5,769.5
401,1,0.665,918.0,287.2,810.0,779.2
401,2,0.5889,916.5,288.0,811.5,780.0
402,1,0.9409,879.0,276.0,822.0,791.2
403,1,0.9414,876.8,271.5,791.2,796.5
404,1,0.9419,870.0,269.2,840.0,798.8
405,1,0.9409,872.2,267.8,846.8,799.5
406,1,0.9395,845.2,269.2,891.8,798.8
407,1,0.9419,841.5,280.5,865.5,786.8
408,1,0.9399,842.2,281.6,842.2,784.9
409,1,0.939,843.8,284.6,851.2,782.6
410,1,0.9414,831.0,284.6,856.5,781.9
411,1,0.939,861.0,281.2,856.5,785.2
412,1,0.9395,835.5,277.5,876.0,789.0
412,2,0.2737,0.2,792.0,387.2,280.5
413,1,0.9429,836.2,270.8,860.2,796.5
414,1,0.9399,879.0,280.5,759.0,786.0
415,1,0.9312,934.5,324.0,727.5,744.0
416,1,0.9395,954.8,375.0,803.2,691.5
417,1,0.9429,963.0,292.5,744.0,775.5
418,1,0.936,909.0,266.2,819.0,800.2
419,1,0.9414,867.8,262.9,857.2,803.6
420,1,0.939,928.5,264.8,786.0,800.2
421,1,0.938,956.2,271.1,741.8,795.4
422,1,0.9438,925.5,273.8,742.5,792.0
423,1,0.9424,922.5,275.2,739.5,790.5
424,1,0.9443,928.5,274.1,744.0,791.6
425,1,0.9385,940.5,275.6,750.0,790.1
426,1,0.9365,955.5,274.5,751.5,792.0
427,1,0.9399,961.5,271.9,736.5,794.6
428,1,0.9395,961.5,272.2,733.5,794.2
429,1,0.938,961.5,273.0,742.5,793.5
430,1,0.939,960.8,273.8,788.2,792.8
431,1,0.9351,987.0,278.6,636.0,789.4
432,1,0.9375,969.8,277.5,653.2,790.5
433,1,0.9399,970.5,277.5,651.0,789.8
434,1,0.937,909.8,275.6,755.2,795.4
435,1,0.9429,846.0,276.8,808.5,791.2
436,1,0.9434,834.0,274.9,834.0,792.4
437,1,0.9424,873.0,275.6,778.5,792.4
438,1,0.9434,853.5,274.1,810.0,793.9
439,1,0.9434,848.2,274.1,804.8,793.9
440,1,0.9399,894.0,276.0,750.0,792.0
441,1,0.939,891.0,277.5,747.0,790.5
442,1,0.9385,888.0,278.6,748.5,788.6
443,1,0.939,892.5,277.9,745.5,789.4
444,1,0.939,900.0,277.1,745.5,790.1
445,1,0.938,913.5,277.1,735.0,790.9
446,1,0.9385,897.0,277.5,750.0,790.5
447,1,0.938,897.0,277.1,741.0,790.1
448,1,0.938,903.0,273.0,735.0,794.2
449,1,0.9385,897.8,274.5,750.8,793.5
450,1,0.9385,906.8,273.8,747.8,794.2
451,1,0.9385,900.8,286.5,797.2,780.0
452,1,0.937,943.5,307.1,753.0,759.4
453,1,0.9385,916.5,303.8,775.5,763.5
454,1,0.9351,930.0,305.2,753.0,762.0
454,2,0.4648,0.0,224.2,516.4,843.8
455,1,0.9395,930.0,309.4,742.5,757.1
456,1,0.937,936.0,309.8,750.0,756.8
457,1,0.9375,947.2,309.0,735.8,757.5
458,1,0.9287,888.0,298.9,849.0,769.1
459,1,0.9424,892.5,276.4,763.5,791.6
460,1,0.9365,894.8,283.9,812.2,783.4
461,1,0.939,908.2,273.0,815.2,793.5
462,1,0.939,880.5,268.5,856.5,798.0
463,1,0.9409,897.0,261.0,841.5,807.0
464,1,0.9443,862.5,267.8,852.0,799.5
465,1,0.9434,861.8,273.0,830.2,794.2
466,1,0.9424,816.0,278.6,859.5,788.6
467,1,0.9409,810.0,277.9,847.5,790.1
468,1,0.9453,825.0,271.5,843.0,796.5
469,1,0.9414,856.5,269.2,808.5,798.8
470,1,0.9414,854.2,268.1,812.2,799.9
471,1,0.9399,870.0,268.9,807.0,799.1
472,1,0.9399,887.2,268.9,809.2,799.1
473,1,0.9419,886.5,264.4,759.0,802.1
474,1,0.9438,885.0,266.2,759.0,800.2
475,1,0.9399,891.8,266.2,752.2,801.0
475,2,0.3481,0.0,95.2,350.8,965.2
476,1,0.9365,888.8,265.5,720.8,801.8
477,1,0.9365,887.2,264.0,720.8,804.0
478,1,0.9438,891.0,264.8,747.0,803.2
479,1,0.9443,898.5,266.2,745.5,801.0
480,1,0.9419,903.0,266.2,741.0,801.0
481,1,0.9419,912.0,266.2,733.5,801.0
482,1,0.9404,909.8,268.1,734.2,799.9
483,1,0.9395,903.0,274.5,741.0,793.5
484,1,0.9395,896.2,269.6,813.8,796.9
485,1,0.9414,893.2,268.5,762.8,798.0
486,1,0.9424,903.0,268.1,753.0,798.4
487,1,0.9414,898.5,268.9,790.5,797.6
488,1,0.9424,884.2,269.2,804.8,797.2
489,1,0.9399,903.0,268.5,774.0,798.0
490,1,0.9404,915.0,265.5,813.0,802.5
491,1,0.9414,907.5,262.1,817.5,805.1
492,1,0.9346,913.5,264.8,778.5,801.8
493,1,0.939,906.0,268.1,772.5,798.4
494,1,0.9375,911.2,268.9,785.2,797.6
495,1,0.9404,912.8,270.0,764.2,798.0
496,1,0.9409,909.0,270.0,738.0,797.2
497,1,0.9409,926.2,271.9,728.2,794.6
498,1,0.936,931.5,274.5,763.5,792.0
499,1,0.9409,942.0,272.2,775.5,795.0
500,1,0.9434,947.2,273.4,795.8,794.6
501,1,0.9438,954.0,271.1,790.5,796.1
502,1,0.938,921.8,267.4,764.2,799.1
503,1,0.9414,929.2,268.9,744.8,797.6
504,1,0.9419,919.5,267.0,745.5,799.5
505,1,0.9414,914.2,266.2,752.2,800.2
506,1,0.9414,897.0,267.8,762.0,800.2
507,1,0.9438,871.5,267.8,793.5,799.5
508,1,0.9448,861.8,267.4,804.8,799.1
509,1,0.9443,864.8,266.6,803.2,800.6
510,1,0.9419,898.5,266.2,766.5,800.2
511,1,0.9424,908.2,268.5,756.8,798.0
512,1,0.9448,861.8,268.1,798.8,799.1
513,1,0.9448,853.5,271.5,823.5,795.8
514,1,0.9458,855.8,268.9,821.2,798.4
515,1,0.9438,867.8,269.2,815.2,798.0
516,1,0.9438,871.5,270.4,816.0,796.1
517,1,0.9395,861.0,270.0,831.0,797.2
518,1,0.9438,862.5,271.9,826.5,796.1
519,1,0.9434,858.0,272.2,807.0,795.0
520,1,0.9385,855.0,274.5,786.0,792.0
521,1,0.9395,850.5,276.4,789.0,790.1
522,1,0.9375,888.0,274.1,750.0,793.1
523,1,0.9351,909.8,276.4,729.8,790.1
524,1,0.9331,910.5,279.4,727.5,787.1
525,1,0.9341,922.5,278.2,712.5,788.2
526,1,0.936,930.8,277.5,710.2,789.8
527,1,0.9395,936.8,277.5,717.8,789.8
528,1,0.939,952.5,279.0,706.5,788.2
529,1,0.939,954.0,277.1,711.0,790.1
530,1,0.937,963.0,276.4,714.0,790.9
531,1,0.9351,964.5,276.0,717.0,791.2
532,1,0.937,964.5,276.0,714.0,792.0
533,1,0.937,963.0,277.1,700.5,789.4
533,2,0.4902,0.0,4.5,509.2,1062.0
534,1,0.937,952.5,278.2,705.0,788.2
534,2,0.3892,0.0,1.5,1062.0,1059.0
536,1,0.627,1092.0,0.0,828.0,1061.2
537,1,0.9346,951.0,281.2,696.0,785.2
538,1,0.936,954.0,282.0,696.0,785.2
539,1,0.936,960.8,279.0,699.8,788.2
540,1,0.9365,963.8,278.2,698.2,789.0
541,1,0.9341,962.2,278.6,732.8,789.4
542,1,0.938,958.5,276.8,718.5,790.5
543,1,0.937,969.0,270.8,673.5,796.5
544,1,0.937,968.2,267.0,669.8,800.2
545,1,0.939,960.8,273.8,689.2,793.5
546,1,0.938,958.5,275.6,705.0,791.6
547,1,0.938,958.5,276.4,702.0,790.9
548,1,0.9385,957.8,275.2,704.2,792.8
549,1,0.9375,954.0,274.5,711.0,792.8
550,1,0.939,911.2,273.8,747.8,792.8
551,1,0.9438,851.2,273.8,815.2,792.8
552,1,0.9424,854.2,276.8,795.8,789.8
553,1,0.9429,852.8,274.9,794.2,791.6
554,1,0.9419,859.5,273.8,793.5,792.8
555,1,0.9434,837.0,274.5,837.0,792.0
556,1,0.9438,849.0,275.6,810.0,790.9
557,1,0.9438,847.5,270.8,799.5,795.8
558,1,0.9414,894.8,269.2,791.2,797.2
559,1,0.9365,900.0,271.5,808.5,795.0
560,1,0.938,897.0,274.5,796.5,792.0
561,1,0.9385,883.5,276.8,823.5,789.8
562,1,0.937,868.5,276.4,877.5,790.1
563,1,0.9375,873.0,284.2,930.0,783.0
564,1,0.9399,885.0,285.0,913.5,782.2
565,1,0.9395,909.8,271.5,806.2,796.5
566,1,0.9453,915.0,268.1,804.0,799.1
567,1,0.9448,911.2,268.5,803.2,798.8
568,1,0.9341,887.2,268.9,825.8,797.6
569,1,0.9414,874.5,269.2,834.0,798.0
570,1,0.9434,849.8,272.2,839.2,795.0
571,1,0.9443,835.5,272.2,843.0,795.0
572,1,0.9434,843.0,274.5,822.0,792.8
573,1,0.9419,841.5,280.1,889.5,786.4
574,1,0.9434,839.2,276.8,851.2,790.5
575,1,0.9404,900.0,276.0,798.0,790.5
576,1,0.938,912.8,279.0,792.8,787.5
577,1,0.9375,901.5,279.0,820.5,787.5
578,1,0.9365,895.5,278.6,838.5,787.9
579,1,0.938,892.5,280.1,838.5,786.4
580,1,0.9395,894.8,280.1,801.8,786.4
581,1,0.9395,893.2,279.8,815.2,787.5
582,1,0.9385,898.5,279.4,802.5,787.1
583,1,0.936,901.5,280.9,819.0,785.6
584,1,0.9385,903.8,277.9,806.2,788.6
585,1,0.936,909.0,271.5,807.0,795.0
586,1,0.9404,897.0,262.1,814.5,804.4
587,1,0.9526,766.5,96.0,919.5,969.0
588,1,0.9536,686.2,3.0,980.2,1062.8
589,1,0.9448,712.5,2.2,966.0,1062.8
590,1,0.9561,862.5,9.4,1005.0,1054.9
591,1,0.958,1059.8,1.5,860.2,1063.5
592,1,0.9526,999.0,3.0,921.0,1062.0
593,1,0.9565,946.5,3.0,973.5,1061.2
594,1,0.9585,1114.5,2.6,805.5,1062.4
595,1,0.9517,1131.0,12.8,789.0,1053.0
596,1,0.9497,1135.5,29.2,784.5,1037.2
597,1,0.9517,1123.5,40.1,796.5,1026.4
598,1,0.9526,1129.5,57.4,790.5,1006.1
599,1,0.9517,1132.5,70.5,787.5,993.8
600,1,0.9531,1129.5,71.2,790.5,993.0
601,1,0.9526,1125.8,76.5,794.2,987.8
602,1,0.9561,1132.5,52.5,787.5,1011.8
603,1,0.9551,1115.2,44.2,804.8,1020.0
604,1,0.9556,1117.5,47.6,802.5,1016.6
605,1,0.9565,1133.2,43.1,786.8,1021.1
606,1,0.9575,1134.8,46.5,785.2,1017.8
607,1,0.9575,1123.5,48.4,796.5,1015.9
608,1,0.9565,1122.0,51.8,798.0,1012.5
609,1,0.9565,1128.0,58.1,792.0,1006.9
610,1,0.9561,1121.2,57.4,798.8,1007.6
611,1,0.9561,1115.2,54.4,804.8,1010.6
612,1,0.9556,1119.0,54.4,801.0,1009.9
613,1,0.9546,1121.2,65.2,798.8,999.0
614,1,0.9546,1118.2,69.0,801.8,994.5
615,1,0.9551,1118.2,70.9,801.8,992.6
616,1,0.9541,1116.8,74.6,803.2,988.9
617,1,0.9531,1112.2,57.4,807.8,1006.1
618,1,0.9541,1110.0,67.9,810.0,995.6
619,1,0.9531,1113.0,72.4,807.0,991.1
620,1,0.9536,1113.0,68.6,807.0,994.9
621,1,0.9419,1134.0,20.2,786.0,1046.2
622,1,0.9375,1108.5,24.8,811.5,1041.8
623,1,0.9395,1094.2,21.8,825.8,1044.8
624,1,0.9395,1107.8,16.9,812.2,1048.9
625,1,0.9336,1131.0,5.2,789.0,1060.5
626,1,0.9365,1117.5,2.2,802.5,1062.8
627,1,0.9517,1092.8,4.5,827.2,1060.5
628,1,0.9468,937.5,3.0,982.5,1062.8
629,1,0.9517,331.5,3.8,1374.0,1060.5
630,1,0.9399,0.8,3.0,877.5,1061.2
631,1,0.874,0.0,8.2,298.3,1059.0
632,1,0.6567,0.2,59.2,468.6,1008.8
633,1,0.8008,0.0,23.2,536.2,1043.2
634,1,0.8989,1.5,0.0,918.0,1062.8
635,1,0.9546,5.2,6.0,1914.8,1050.0
636,1,0.9399,0.0,5.2,1918.5,1050.8
637,1,0.9165,0.0,5.2,1920.0,1050.8
638,1,0.8076,804.0,4.5,1116.0,1058.2
640,1,0.9009,858.0,9.4,1062.0,1051.9
641,1,0.8433,0.0,36.8,1920.0,1017.0
648,1,0.8154,421.5,3.8,1294.5,1059.8
649,1,0.8667,567.8,4.5,1226.2,1059.0
650,1,0.8423,550.5,4.5,1236.0,1059.0
651,1,0.605,347.2,3.0,1451.2,1060.5
652,1,0.3689,150.8,3.0,1761.8,1058.2
653,1,0.3799,92.2,4.5,1824.8,1056.8
654,1,0.4971,150.0,5.2,1735.5,1057.5
655,1,0.3821,104.2,6.4,1773.8,1058.6
656,1,0.8853,784.5,278.2,1110.0,788.2
663,1,0.8389,312.0,75.0,1498.5,990.0
664,1,0.7148,396.8,61.5,1487.2,1005.0
665,1,0.7759,445.5,27.0,1446.0,1038.0
666,1,0.9214,507.8,130.9,1242.8,934.1
667,1,0.895,576.0,195.4,1131.0,869.6
668,1,0.8716,568.5,227.2,1128.0,837.8
669,1,0.8872,539.2,367.5,1122.8,700.5
670,1,0.9087,544.5,370.5,1132.5,696.8
671,1,0.8613,544.1,408.0,1114.9,660.8
672,1,0.876,538.5,383.2,1105.5,684.8
673,1,0.8838,535.5,378.0,1108.5,690.0
674,1,0.8965,527.2,376.5,1118.2,691.5
675,1,0.8911,519.0,355.5,1126.5,711.8
676,1,0.896,521.2,338.6,1124.2,729.4
677,1,0.8901,517.5,243.4,1125.0,822.4
678,1,0.915,531.0,241.5,1114.5,823.5
679,1,0.8755,530.2,212.2,1119.8,853.5
680,1,0.9048,540.4,219.4,1109.6,846.4
681,1,0.8892,590.2,189.8,1059.8,876.0
682,1,0.8169,586.9,111.0,949.1,953.2
683,1,0.793,525.8,0.0,1107.8,1064.2
684,1,0.4006,380.2,0.0,1260.8,1064.2
685,1,0.4197,355.5,3.8,1189.5,1059.0
686,1,0.8848,12.8,346.5,1486.5,720.0
687,1,0.8359,407.2,635.2,1035.8,432.8
688,1,0.4282,452.6,544.5,924.4,523.5
689,1,0.3376,412.5,346.1,1084.5,721.1
690,1,0.3625,343.5,358.5,1182.0,706.5
700,1,0.9292,0.0,4.9,1920.0,1053.4
701,1,0.5659,0.0,1.5,1920.0,1056.0
702,1,0.9307,0.0,6.0,1920.0,1050.8
703,1,0.9419,5.2,4.1,1914.8,1054.1
704,1,0.8857,0.0,7.9,1479.0,1054.1
705,1,0.9209,3.0,3.4,1507.5,1056.4
816,1,0.7808,0.8,5.2,1916.2,1055.2
848,1,0.3208,14.2,4.5,1899.8,1072.5
849,1,0.8823,927.8,3.8,992.2,1059.0
872,1,0.8579,1226.2,8.6,693.8,1054.9
873,1,0.9453,879.0,4.5,1041.0,1058.2
874,1,0.9419,638.2,3.0,1281.8,1059.0
875,1,0.9526,5.2,5.6,1914.8,1051.9
876,1,0.832,2.2,4.5,1917.8,1075.5
877,1,0.9302,0.0,4.5,1920.0,1053.0
878,1,0.9399,0.0,2.6,1920.0,1053.4
879,1,0.9331,2.2,0.0,1917.8,1056.0
880,1,0.8813,6.0,0.0,1914.0,1057.5
881,1,0.918,6.0,0.0,1914.0,1057.5
882,1,0.6836,0.0,3.0,1920.0,1077.0
883,1,0.8315,9.0,4.9,1905.0,1051.1
884,1,0.9512,0.0,5.2,1917.0,1053.8
885,1,0.9575,132.8,3.8,1782.8,1056.0
886,1,0.959,0.0,6.0,1917.0,1053.0
887,1,0.9595,55.5,3.8,1861.5,1057.5
888,1,0.9453,306.8,4.5,1608.8,1059.8
889,1,0.8125,757.5,3.0,1162.5,1062.8
890,1,0.8726,782.2,3.8,1137.8,1058.2
891,1,0.8232,760.5,2.6,1159.5,1062.4
892,1,0.7456,753.0,212.2,1158.0,851.2
893,1,0.6841,753.8,387.8,1022.2,677.2
894,1,0.8193,699.4,432.0,1001.6,633.0
895,1,0.8428,672.0,446.2,987.0,618.8
896,1,0.7686,608.2,444.8,992.2,621.8
897,1,0.4358,138.8,424.5,1428.8,640.5
898,1,0.8296,3.0,451.5,1636.5,614.2
899,1,0.855,675.4,457.5,938.6,609.8
900,1,0.4624,138.0,466.5,1465.5,601.5
900,2,0.3079,666.4,471.0,935.6,595.5
901,1,0.7993,2.2,465.8,1589.2,600.0
902,1,0.8721,778.5,467.2,931.5,598.5
903,1,0.8877,766.5,474.0,942.0,592.5
904,1,0.8857,742.5,473.2,951.0,593.2
905,1,0.8584,708.8,466.5,966.8,599.2
906,1,0.8569,708.0,465.8,964.5,600.0
907,1,0.8599,706.9,464.2,961.1,601.5
908,1,0.8589,707.2,465.8,953.2,599.2
909,1,0.8433,701.2,467.2,953.2,598.5
910,1,0.8525,711.4,468.8,947.6,596.2
911,1,0.7007,711.8,483.8,966.8,582.0
911,2,0.6123,711.8,483.0,966.8,583.5
912,1,0.8667,697.9,487.5,964.1,577.5
913,1,0.8633,709.5,481.5,922.5,585.0
914,1,0.8604,675.8,486.8,920.2,579.8
915,1,0.7866,636.0,496.5,910.5,568.5
916,1,0.8193,654.8,492.8,912.8,573.0
917,1,0.8633,681.8,495.8,911.2,570.8
918,1,0.8633,695.2,496.5,920.2,569.2
919,1,0.8516,697.5,498.8,916.5,567.0
920,1,0.7622,683.2,514.5,912.8,551.2
921,1,0.7241,678.0,520.5,913.5,545.2
922,1,0.8081,693.8,520.5,905.2,545.2
923,1,0.8506,708.0,505.5,930.0,560.2
924,1,0.8364,707.2,513.0,944.2,552.0
925,1,0.853,709.1,507.0,930.4,558.8
926,1,0.8521,707.2,506.2,930.8,559.5
927,1,0.8506,706.1,507.0,934.9,558.8
928,1,0.8521,705.4,504.8,925.1,561.0
929,1,0.8511,704.2,504.0,921.8,561.8
930,1,0.8394,723.0,514.5,916.5,552.0
931,1,0.8481,735.0,516.0,913.5,550.5
932,1,0.8853,802.5,534.0,1047.0,531.8
933,1,0.8853,877.5,543.8,901.5,524.2
934,1,0.8774,899.2,564.0,917.2,503.2
935,1,0.854,897.0,615.0,948.0,452.2
936,1,0.7734,834.0,714.0,946.5,355.5
942,1,0.8447,831.0,630.0,1071.0,437.2
943,1,0.8472,810.8,513.0,1034.2,552.8
944,1,0.8491,811.5,499.5,1032.0,566.2
945,1,0.7891,819.0,501.8,1027.5,564.0
946,1,0.7695,824.2,504.0,1026.8,561.0
947,1,0.8086,822.0,505.5,1029.0,560.2
948,1,0.8184,811.5,518.2,1024.5,548.2
949,1,0.8188,792.8,581.2,1031.2,485.2
950,1,0.8423,758.2,611.2,1028.2,456.8
951,1,0.8125,708.8,652.5,1044.8,415.5
952,1,0.8286,756.8,675.0,1028.2,393.8
953,1,0.8267,761.2,681.0,1020.8,388.5
954,1,0.8198,751.5,696.8,1017.0,372.8
955,1,0.8306,705.8,705.8,1041.8,363.8
956,1,0.8174,701.2,710.2,1041.8,359.2
957,1,0.7598,699.8,710.2,1053.8,359.2
958,1,0.7593,760.5,709.5,1000.5,360.0
959,1,0.6489,732.0,710.2,1021.5,359.2
960,1,0.8003,699.8,711.8,1052.2,357.8
961,1,0.7949,707.2,713.2,1056.8,356.2
962,1,0.8428,773.2,709.5,1010.2,360.0
963,1,0.8843,741.0,674.2,1002.0,395.2
964,1,0.8799,696.8,670.5,1008.8,398.2
965,1,0.8628,678.0,666.0,1002.0,402.8
966,1,0.8481,667.1,669.0,999.4,400.5
967,1,0.8574,666.0,677.2,997.5,392.2
968,1,0.7744,612.8,695.2,1029.8,374.2
969,1,0.8203,699.0,700.5,990.0,369.0
970,1,0.7656,755.6,712.5,976.9,358.5
971,1,0.8174,760.1,711.8,976.9,358.5
972,1,0.8579,758.2,711.0,977.2,359.2
973,1,0.7544,743.2,706.5,983.2,363.0
974,1,0.8481,700.5,692.2,982.5,377.2
975,1,0.7793,642.8,691.5,1016.2,378.0
976,1,0.8623,734.2,679.5,987.8,390.0
977,1,0.8799,701.6,690.0,988.9,379.5
978,1,0.7417,647.6,705.0,1003.9,364.5
979,1,0.6992,646.5,708.0,1000.5,361.5
980,1,0.8237,698.2,517.5,1004.2,549.0
981,1,0.8481,695.2,454.5,975.8,612.0
982,1,0.8354,684.0,479.2,978.0,585.8
983,1,0.7827,617.2,759.0,1008.8,312.0
988,1,0.6826,367.5,728.2,1086.0,341.2
989,1,0.6138,356.6,717.0,1078.9,352.5
990,1,0.5825,354.4,705.0,1089.4,364.5
991,1,0.5796,364.5,703.5,1084.5,365.2
992,1,0.6016,366.0,717.0,1085.2,351.8
993,1,0.6167,379.5,720.0,1077.0,348.8
994,1,0.6968,378.0,721.5,1080.0,348.0
995,1,0.623,376.5,714.0,1083.8,354.8
996,1,0.7031,418.5,672.0,1084.5,397.5
997,1,0.7378,426.0,660.0,1092.0,408.0
998,1,0.7705,444.0,663.0,1095.0,405.8
999,1,0.7974,449.2,663.8,1092.8,405.0
1000,1,0.7939,455.2,667.5,1091.2,402.0
1001,1,0.71,450.0,668.2,1086.0,399.8
1002,1,0.686,459.8,673.5,1079.2,395.2
1003,1,0.6919,459.0,675.8,1078.5,393.0
1004,1,0.688,458.2,679.5,1074.8,389.2
1005,1,0.6626,453.8,682.5,1071.8,386.2
1006,1,0.6899,454.9,679.5,1072.1,389.2
1007,1,0.7339,466.5,683.2,1072.5,385.5
1008,1,0.6953,466.5,681.8,1066.5,387.0
1009,1,0.6968,598.5,648.0,1234.5,418.5
1009,2,0.3545,1683.0,466.5,237.0,598.5
1010,1,0.8643,967.5,609.8,937.5,459.0
1010,2,0.2766,1684.5,465.8,235.5,601.5
1011,1,0.7725,1072.5,666.0,837.0,401.2
1011,2,0.2751,1681.5,465.8,238.5,599.2
1012,1,0.5405,1100.2,838.5,687.8,235.5
1021,1,0.5396,999.8,899.2,612.8,177.0
1022,1,0.2686,0.0,171.4,1203.8,887.6
1023,1,0.644,7.5,41.2,1897.5,1018.5
1024,1,0.8818,0.0,3.0,1590.0,1056.8
1025,1,0.9043,0.0,3.4,1542.0,1056.4
1026,1,0.895,0.0,3.0,1474.5,1059.0
1027,1,0.6333,0.0,1.9,1425.0,1060.9
1027,2,0.5591,0.0,2.2,1412.2,1058.2
1028,1,0.8433,0.0,4.1,1473.0,1058.6
1029,1,0.8076,0.0,3.4,1602.0,1057.1
1030,1,0.9268,9.8,0.8,1910.2,1055.2
1031,1,0.9521,7.5,6.8,1912.5,1049.2
1032,1,0.9468,0.0,6.8,1920.0,1050.8
1033,1,0.9468,0.0,6.4,1920.0,1049.6
1034,1,0.9468,0.0,6.8,1920.0,1050.0
1035,1,0.9458,0.0,6.0,1920.0,1050.0
1036,1,0.939,0.0,6.0,1920.0,1050.8
1037,1,0.9419,0.0,6.0,1920.0,1050.8
1038,1,0.9385,0.0,5.6,1920.0,1051.9
1039,1,0.9341,0.0,5.2,1920.0,1052.2
1040,1,0.9077,0.0,4.5,1920.0,1052.2
1040,2,0.3525,2.2,3.8,1917.8,1053.0
1041,1,0.8838,168.0,4.5,1752.0,1053.0
1042,1,0.3638,1374.0,41.2,546.0,1023.8
1048,1,0.6553,1521.8,468.0,398.2,603.8
1050,1,0.6167,1092.0,469.5,828.0,599.2
1266,1,0.8008,1307.2,721.5,612.8,349.5
1267,1,0.8291,879.8,594.0,779.2,474.0
1268,1,0.8296,787.5,624.8,760.5,442.5
1269,1,0.8433,858.8,627.0,771.8,440.2
1270,1,0.8018,735.8,663.8,755.2,405.8
1271,1,0.6421,620.2,702.8,729.8,366.0
1272,1,0.6738,673.9,694.5,715.1,375.8
1273,1,0.687,681.8,694.5,717.8,375.8
1274,1,0.6699,661.1,690.0,712.1,380.2
1275,1,0.8042,759.8,645.8,738.8,423.8
1276,1,0.3694,1122.8,856.5,774.8,219.0
